{
    "gateways":  [
        {
            "location": [-45.86169350576915, -67.5168749373741],
            "sf_ranges": [
                [
                    [-45.860397, -67.524632],
                    [-45.864585, -67.526005],
                    [-45.867336, -67.521886],
                    [-45.866858, -67.513648],
                    [-45.866618, -67.506783],
                    [-45.861115, -67.505239],
                    [-45.858004, -67.514335],
                    [-45.860397, -67.524632]
                ],
                [
                    [-45.854032, -67.532361],
                    [-45.855347, -67.522574],
                    [-45.856662, -67.518282],
                    [-45.857738, -67.513131],
                    [-45.857021, -67.506778],
                    [-45.854032, -67.507465],
                    [-45.852119, -67.502486],
                    [-45.854152, -67.493558],
                    [-45.857978, -67.490983],
                    [-45.858336, -67.483085],
                    [-45.858695, -67.476389],
                    [-45.861684, -67.470723],
                    [-45.864552, -67.477762],
                    [-45.866226, -67.480166],
                    [-45.870051, -67.486347],
                    [-45.874473, -67.493386],
                    [-45.875071, -67.499739],
                    [-45.879612, -67.501628],
                    [-45.886304, -67.510384],
                    [-45.883795, -67.517767],
                    [-45.876146, -67.524463],
                    [-45.871844, -67.532876],
                    [-45.86766, -67.535451],
                    [-45.862759, -67.537855],
                    [-45.857978, -67.544036],
                    [-45.85188, -67.539743],
                    [-45.854032, -67.532361]
                ],
                [],
                [],
                [],
                []
            ]
        }, 
        {
            "location": [-45.8360778064410276, -67.47124429688863],
            "sf_ranges": [
                [
                    [-45.847456, -67.474672],
                    [-45.844586, -67.479479],
                    [-45.839922, -67.483943],
                    [-45.841118, -67.488579],
                    [-45.835497, -67.490124],
                    [-45.834062, -67.494245],
                    [-45.831072, -67.492356],
                    [-45.829517, -67.484973],
                    [-45.828082, -67.477762],
                    [-45.825211, -67.470379],
                    [-45.826407, -67.459563],
                    [-45.83466, -67.462138],
                    [-45.844108, -67.469693],
                    [-45.847456, -67.474672]
                ],
                [
                    [-45.824373, -67.475891],
                    [-45.826169, -67.485674],
                    [-45.828923, -67.491337],
                    [-45.830359, -67.497687],
                    [-45.832753, -67.503522],
                    [-45.836105, -67.510559],
                    [-45.838499, -67.505925],
                    [-45.841012, -67.501978],
                    [-45.842448, -67.500605],
                    [-45.844842, -67.497344],
                    [-45.847834, -67.496829],
                    [-45.84556, -67.491509],
                    [-45.844961, -67.48533],
                    [-45.846876, -67.483614],
                    [-45.849868, -67.485159],
                    [-45.851543, -67.48104],
                    [-45.852859, -67.475376],
                    [-45.852022, -67.459587],
                    [-45.847235, -67.447573],
                    [-45.835985, -67.440365],
                    [-45.827725, -67.436074],
                    [-45.818387, -67.442596],
                    [-45.813837, -67.444484],
                    [-45.812879, -67.452379],
                    [-45.813119, -67.464221],
                    [-45.817908, -67.467825],
                    [-45.822218, -67.467996],
                    [-45.824373, -67.475891]
                ],
                [
                    [-45.808965, -67.473066],
                    [-45.818065, -67.48508],
                    [-45.823333, -67.498467],
                    [-45.829798, -67.5146],
                    [-45.838416, -67.517003],
                    [-45.846315, -67.512884],
                    [-45.850863, -67.498467],
                    [-45.85517, -67.478558],
                    [-45.857803, -67.456589],
                    [-45.85876, -67.423293],
                    [-45.84081, -67.405101],
                    [-45.817586, -67.405444],
                    [-45.807049, -67.420204],
                    [-45.798186, -67.430502],
                    [-45.802498, -67.460709],
                    [-45.808965, -67.473066]
                ],
                [],
                [],
                []
            ]
        }
    ],
    "end_devices": [
        {
            "location": [-45.86358350471955, -67.5288741673731],
            "ufs": [0.41, 0.24, 0, 0, 0]
        },
        {
            "location": [-45.86168350521978, -67.5588749673721],
            "ufs": [0.17, 0.74, 0, 0, 0]
        },
        {
            "location": [-45.85168355574923, -67.5088749673761],
            "ufs": [0.07, 0.31, 0, 0, 0]
        },
        {
            "location": [-45.84894578542665, -67.50125285061331],
            "ufs": [0.67, 0.71, 0, 0, 0, 0]
        },
        {
            "location": [-45.860778064410276, -67.49224429688863],
            "ufs": [0.51, 0.89, 0, 0, 0, 0]
        },
        {
            "location": [-45.876115907441715, -67.50981632774027],
            "ufs": [0.58, 0.03, 0, 0, 0, 0]
        },
        {
            "location": [-45.87465597266164, -67.52163159469177],
            "ufs": [0.83, 0.92, 0, 0, 0, 0]
        },
        {
            "location": [-45.832123993807876, -67.48072988400934],
            "ufs": [0.45, 0.43, 0, 0, 0, 0]
        },
        {
            "location": [-45.8346468171302, -67.47912919198014],
            "ufs": [0.79, 0.38, 0, 0, 0, 0]
        },
        {
            "location": [-45.83611207521077, -67.48752700046528],
            "ufs": [0.91, 0.21, 0, 0, 0, 0]
        },
        {
            "location": [-45.841777433274046, -67.47808128154443],
            "ufs": [0.83, 0.15, 0, 0, 0, 0]
        }
    ],
    "connections": []
}


